id,name,is_template,variant_of,description,category,IPN,revision,link,default_location,default_expiry,assembly,trackable,testable,purchaseable,salable,active,creation_date,tree_id,lft,rght
1,M2x4 LPHS,0,\N,M2x4 low profile head screw,8,\N,\N,http://www.acme.com/parts/m2x4lphs,\N,0,0,0,0,1,0,1,2018-01-01,5,1,2
2,M3x12 SHCS,0,\N,M3x12 socket head cap screw,8,\N,\N,\N,\N,0,0,0,0,0,0,1,2019-02-02,6,1,2
3,R_2K2_0805,0,\N,2.2kOhm resistor in 0805 package,2,\N,\N,\N,\N,0,0,0,0,0,0,1,2020-03-03,8,1,2
4,R_4K7_0603,0,\N,4.7kOhm resistor in 0603 package,2,\N,\N,\N,2,0,0,0,0,0,0,1,2021-04-04,9,1,2
5,C_22N_0805,0,\N,22nF capacitor in 0805 package,3,\N,\N,\N,\N,0,0,0,0,1,0,1,2022-05-05,3,1,2
25,Widget,0,\N,A watchamacallit,7,\N,\N,\N,\N,10,1,1,1,0,1,1,2023-06-06,10,1,2
50,Orphan,0,\N,A part without a category,\N,\N,\N,\N,\N,0,0,0,0,0,1,1,2024-07-07,7,1,2
100,Bob,0,\N,Can we build it? Yes we can!,7,BOB,A2,\N,\N,0,1,0,1,0,1,1,2025-08-08,2,1,2
101,Assembly,0,\N,A high level assembly part,\N,\N,\N,\N,\N,0,0,0,0,0,1,1,2026-09-09,1,1,2
10000,Chair Template,1,\N,"A chair, which is actually just a template part",7,\N,\N,\N,\N,0,0,0,1,0,1,1,2027-10-10,4,1,10
10001,Blue Chair,0,10000,A variant chair part which is blue,7,\N,\N,\N,\N,0,0,0,1,0,0,1,2028-11-11,4,2,3
10002,Red chair,0,10000,A variant chair part which is red,7,R.CH,\N,\N,\N,0,0,0,1,0,1,1,2029-12-12,4,8,9
10003,Green chair,1,10000,A template chair part which is green,7,\N,\N,\N,\N,0,0,0,1,0,0,1,2030-01-01,4,4,7
10004,Green chair variant,1,10003,"A green chair, which is a variant of the chair template",7,\N,\N,\N,\N,0,0,1,1,0,0,1,2031-02-02,4,5,6
