id,barcode_hash,parent,part,location,belongs_to,serial,serial_int,batch,quantity,expiry_date,delete_on_deplete,status,purchase_price,purchase_price_currency
1,,\N,1,3,\N,\N,0,B123,4000,\N,0,0,123,AUD
2,,\N,1,2,\N,\N,0,\N,5000,\N,0,0,\N,\N
11,,\N,5,4,\N,\N,0,\N,666,\N,0,0,\N,\N
1234,,\N,3,5,\N,\N,0,\N,1234,\N,0,0,\N,\N
100,,\N,25,7,\N,\N,0,B1234,10,\N,0,0,\N,\N
101,,\N,25,7,\N,\N,0,B2345,5,\N,0,0,\N,\N
102,,\N,25,7,\N,\N,0,BCDE,0,\N,0,0,\N,\N
105,,\N,25,7,\N,1000,1000,\N,1,\N,0,0,\N,\N
500,,\N,10001,7,\N,\N,0,BBAAA,5,\N,0,0,\N,\N
501,,\N,10001,7,\N,1,1,\N,1,\N,0,0,\N,\N
502,,\N,10001,7,\N,2,2,\N,1,\N,0,0,\N,\N
503,,\N,10001,7,\N,3,3,\N,1,\N,0,0,\N,\N
504,,\N,10001,7,\N,4,4,\N,1,\N,0,0,\N,\N
505,,\N,10001,7,\N,5,5,\N,1,\N,0,0,\N,\N
510,,\N,10002,7,\N,10,10,\N,1,\N,0,0,\N,\N
511,,\N,10002,7,\N,11,11,\N,1,\N,0,0,\N,\N
512,,\N,10002,7,\N,12,12,\N,1,\N,0,0,\N,\N
520,9e5ae7fc20568ed4814c10967bba8b65,\N,10004,7,\N,20,20,\N,1,1990-10-10,0,0,\N,\N
521,1be0dfa925825c5c6c79301449e50c2d,\N,10004,7,\N,21,21,\N,1,\N,0,60,\N,\N
522,,\N,10004,7,105,22,22,\N,1,1990-10-10,0,70,\N,\N
1000,,\N,100,1,\N,\N,0,\N,10,\N,0,0,\N,\N
1001,,1000,100,1,\N,\N,0,\N,11,\N,0,0,\N,\N
1002,,\N,100,1,\N,\N,0,\N,12,\N,0,0,\N,\N
1003,,\N,100,1,\N,\N,0,\N,13,\N,0,0,\N,\N
1004,,\N,100,1,\N,\N,0,\N,14,\N,0,0,\N,\N
1005,,\N,100,1,\N,\N,0,\N,15,\N,0,0,\N,\N
1006,,\N,100,1,\N,\N,0,\N,16,\N,0,0,\N,\N
1007,,\N,100,7,\N,\N,0,\N,17,\N,0,0,\N,\N
1008,,\N,100,7,\N,\N,0,\N,18,\N,0,0,\N,\N
